<?xml version="1.0" encoding="UTF-8" standalone="yes"?>
<parameters>
<parameter name="ANALOG_SEARCH">0</parameter>
<parameter name="FILTER_LIBRARY">0</parameter>
<parameter name="FILTER_PRECURSOR_WINDOW">0</parameter>
<parameter name="GROUP_COUNT_AGGREGATE_METHOD">Mean</parameter>
<parameter name="MAXIMUM_COMPONENT_SIZE">100</parameter>
<parameter name="MAX_SHIFT">500</parameter>
<parameter name="MAX_SHIFT_MASS">100.0</parameter>
<parameter name="METADATA_COLUMN">None</parameter>
<parameter name="METADATA_COLUMN_FACET">None</parameter>
<parameter name="METADATA_CONDITION_ONE">None</parameter>
<parameter name="METADATA_CONDITION_TWO">None</parameter>
<parameter name="MIN_MATCHED_PEAKS">6</parameter>
<parameter name="MIN_MATCHED_PEAKS_SEARCH">6</parameter>
<parameter name="MIN_PEAK_INT">0.0</parameter>
<parameter name="PAIRS_MIN_COSINE">0.7</parameter>
<parameter name="QIIME2_PCOA_DISTANCE">cosine</parameter>
<parameter name="QUANT_FILE_NORM">RowSum</parameter>
<parameter name="QUANT_TABLE_SOURCE">MZMINE2</parameter>
<parameter name="RUN_DEREPLICATOR">0</parameter>
<parameter name="RUN_STATS">No</parameter>
<parameter name="SCORE_THRESHOLD">0.7</parameter>
<parameter name="TOPK">10</parameter>
<parameter name="TOP_K_RESULTS">1</parameter>
<parameter name="WINDOW_FILTER">0</parameter>
<parameter name="desc">211028_Celastraceae_pos</parameter>
<parameter name="email">luis.guerrero@unige.ch</parameter>
<parameter name="googlesheetsmetadata">None</parameter>
<parameter name="library_on_server">d.speclibs;</parameter>
<parameter name="metadata_table">f.quirosgu/HRMS_Celastraceae/Metadata/Celastraceae_Set_metadata_pos .tsv;</parameter>
<parameter name="quantification_table">f.quirosgu/HRMS_Celastraceae/Celastraceae_pos_quant.csv;</parameter>
<parameter name="raw_spectra">d.quirosgu/HRMS_Celastraceae/CONVERTED/POS;</parameter>
<parameter name="spec_on_server">f.quirosgu/HRMS_Celastraceae/Celastraceae_pos.mgf;</parameter>
<parameter name="task">4c919fcbc83d487493a487012afb920a</parameter>
<parameter name="tolerance.Ion_tolerance">0.02</parameter>
<parameter name="tolerance.PM_tolerance">0.02</parameter>
<parameter name="upload_file_mapping">spec-00000.mgf|quirosgu/HRMS_Celastraceae/Celastraceae_pos.mgf</parameter>
<parameter name="upload_file_mapping">quantification_table-00000.csv|quirosgu/HRMS_Celastraceae/Celastraceae_pos_quant.csv</parameter>
<parameter name="upload_file_mapping">raw_spectra-00000.mzXML|quirosgu/HRMS_Celastraceae/CONVERTED/POS/211026_LQ-01-61-19_pos.mzXML</parameter>
<parameter name="upload_file_mapping">raw_spectra-00001.mzXML|quirosgu/HRMS_Celastraceae/CONVERTED/POS/211026_LQ-01-61-47_pos.mzXML</parameter>
<parameter name="upload_file_mapping">raw_spectra-00002.mzXML|quirosgu/HRMS_Celastraceae/CONVERTED/POS/211026_LQ-01-61-31_pos.mzXML</parameter>
<parameter name="upload_file_mapping">raw_spectra-00003.mzXML|quirosgu/HRMS_Celastraceae/CONVERTED/POS/211026_LQ-01-61-46_pos.mzXML</parameter>
<parameter name="upload_file_mapping">raw_spectra-00004.mzXML|quirosgu/HRMS_Celastraceae/CONVERTED/POS/211026_LQ-01-61-18_pos.mzXML</parameter>
<parameter name="upload_file_mapping">raw_spectra-00005.mzXML|quirosgu/HRMS_Celastraceae/CONVERTED/POS/211026_LQ-01-61-30_pos.mzXML</parameter>
<parameter name="upload_file_mapping">raw_spectra-00006.mzXML|quirosgu/HRMS_Celastraceae/CONVERTED/POS/211026_LQ-01-61-45_pos.mzXML</parameter>
<parameter name="upload_file_mapping">raw_spectra-00007.mzXML|quirosgu/HRMS_Celastraceae/CONVERTED/POS/211026_LQ-01-61-33_pos.mzXML</parameter>
<parameter name="upload_file_mapping">raw_spectra-00008.mzXML|quirosgu/HRMS_Celastraceae/CONVERTED/POS/211026_LQ-01-61-44_pos.mzXML</parameter>
<parameter name="upload_file_mapping">raw_spectra-00009.mzXML|quirosgu/HRMS_Celastraceae/CONVERTED/POS/211026_LQ-01-61-32_pos.mzXML</parameter>
<parameter name="upload_file_mapping">raw_spectra-00010.mzXML|quirosgu/HRMS_Celastraceae/CONVERTED/POS/211026_LQ-01-61-35_pos.mzXML</parameter>
<parameter name="upload_file_mapping">raw_spectra-00011.mzXML|quirosgu/HRMS_Celastraceae/CONVERTED/POS/211026_LQ-01-61-43_pos.mzXML</parameter>
<parameter name="upload_file_mapping">raw_spectra-00012.mzXML|quirosgu/HRMS_Celastraceae/CONVERTED/POS/211026_LQ-01-61-34_pos.mzXML</parameter>
<parameter name="upload_file_mapping">raw_spectra-00013.mzXML|quirosgu/HRMS_Celastraceae/CONVERTED/POS/211026_LQ-01-61-42_pos.mzXML</parameter>
<parameter name="upload_file_mapping">raw_spectra-00014.mzXML|quirosgu/HRMS_Celastraceae/CONVERTED/POS/211026_LQ-01-61-37_pos.mzXML</parameter>
<parameter name="upload_file_mapping">raw_spectra-00015.mzXML|quirosgu/HRMS_Celastraceae/CONVERTED/POS/211026_LQ-01-61-69_pos.mzXML</parameter>
<parameter name="upload_file_mapping">raw_spectra-00016.mzXML|quirosgu/HRMS_Celastraceae/CONVERTED/POS/211026_LQ-01-61-41_pos.mzXML</parameter>
<parameter name="upload_file_mapping">raw_spectra-00017.mzXML|quirosgu/HRMS_Celastraceae/CONVERTED/POS/211026_LQ-01-61-68_pos.mzXML</parameter>
<parameter name="upload_file_mapping">raw_spectra-00018.mzXML|quirosgu/HRMS_Celastraceae/CONVERTED/POS/211026_LQ-01-61-36_pos.mzXML</parameter>
<parameter name="upload_file_mapping">raw_spectra-00019.mzXML|quirosgu/HRMS_Celastraceae/CONVERTED/POS/211026_LQ-01-61-40_pos.mzXML</parameter>
<parameter name="upload_file_mapping">raw_spectra-00020.mzXML|quirosgu/HRMS_Celastraceae/CONVERTED/POS/211026_LQ-01-61-66_pos.mzXML</parameter>
<parameter name="upload_file_mapping">raw_spectra-00021.mzXML|quirosgu/HRMS_Celastraceae/CONVERTED/POS/211026_LQ-01-61-38_pos.mzXML</parameter>
<parameter name="upload_file_mapping">raw_spectra-00022.mzXML|quirosgu/HRMS_Celastraceae/CONVERTED/POS/211026_LQ-01-61-10_pos.mzXML</parameter>
<parameter name="upload_file_mapping">raw_spectra-00023.mzXML|quirosgu/HRMS_Celastraceae/CONVERTED/POS/211026_LQ-01-61-39_pos.mzXML</parameter>
<parameter name="upload_file_mapping">raw_spectra-00024.mzXML|quirosgu/HRMS_Celastraceae/CONVERTED/POS/211026_LQ-01-61-67_pos.mzXML</parameter>
<parameter name="upload_file_mapping">raw_spectra-00025.mzXML|quirosgu/HRMS_Celastraceae/CONVERTED/POS/211026_LQ-01-61-11_pos.mzXML</parameter>
<parameter name="upload_file_mapping">raw_spectra-00026.mzXML|quirosgu/HRMS_Celastraceae/CONVERTED/POS/211026_LQ-01-61-64_pos.mzXML</parameter>
<parameter name="upload_file_mapping">raw_spectra-00027.mzXML|quirosgu/HRMS_Celastraceae/CONVERTED/POS/211026_LQ-01-61-12_pos.mzXML</parameter>
<parameter name="upload_file_mapping">raw_spectra-00028.mzXML|quirosgu/HRMS_Celastraceae/CONVERTED/POS/211026_LQ-01-61-65_pos.mzXML</parameter>
<parameter name="upload_file_mapping">raw_spectra-00029.mzXML|quirosgu/HRMS_Celastraceae/CONVERTED/POS/211026_LQ-01-61-13_pos.mzXML</parameter>
<parameter name="upload_file_mapping">raw_spectra-00030.mzXML|quirosgu/HRMS_Celastraceae/CONVERTED/POS/211026_LQ-01-61-14_pos.mzXML</parameter>
<parameter name="upload_file_mapping">raw_spectra-00031.mzXML|quirosgu/HRMS_Celastraceae/CONVERTED/POS/211026_LQ-01-61-62_pos.mzXML</parameter>
<parameter name="upload_file_mapping">raw_spectra-00032.mzXML|quirosgu/HRMS_Celastraceae/CONVERTED/POS/211026_LQ-01-61-15_pos.mzXML</parameter>
<parameter name="upload_file_mapping">raw_spectra-00033.mzXML|quirosgu/HRMS_Celastraceae/CONVERTED/POS/211026_LQ-01-61-63_pos.mzXML</parameter>
<parameter name="upload_file_mapping">raw_spectra-00034.mzXML|quirosgu/HRMS_Celastraceae/CONVERTED/POS/211026_LQ-01-61-48_pos.mzXML</parameter>
<parameter name="upload_file_mapping">raw_spectra-00035.mzXML|quirosgu/HRMS_Celastraceae/CONVERTED/POS/211026_LQ-01-61-16_pos.mzXML</parameter>
<parameter name="upload_file_mapping">raw_spectra-00036.mzXML|quirosgu/HRMS_Celastraceae/CONVERTED/POS/211026_LQ-01-61-60_pos.mzXML</parameter>
<parameter name="upload_file_mapping">raw_spectra-00037.mzXML|quirosgu/HRMS_Celastraceae/CONVERTED/POS/211026_LQ-01-61-17_pos.mzXML</parameter>
<parameter name="upload_file_mapping">raw_spectra-00038.mzXML|quirosgu/HRMS_Celastraceae/CONVERTED/POS/211026_LQ-01-61-49_pos.mzXML</parameter>
<parameter name="upload_file_mapping">raw_spectra-00039.mzXML|quirosgu/HRMS_Celastraceae/CONVERTED/POS/211026_LQ-01-61-61_pos.mzXML</parameter>
<parameter name="upload_file_mapping">raw_spectra-00040.mzXML|quirosgu/HRMS_Celastraceae/CONVERTED/POS/211026_LQ-01-61-73_pos.mzXML</parameter>
<parameter name="upload_file_mapping">raw_spectra-00041.mzXML|quirosgu/HRMS_Celastraceae/CONVERTED/POS/211026_LQ-01-61-05_pos.mzXML</parameter>
<parameter name="upload_file_mapping">raw_spectra-00042.mzXML|quirosgu/HRMS_Celastraceae/CONVERTED/POS/211026_LQ-01-61-72_pos.mzXML</parameter>
<parameter name="upload_file_mapping">raw_spectra-00043.mzXML|quirosgu/HRMS_Celastraceae/CONVERTED/POS/211026_LQ-01-61-04_pos.mzXML</parameter>
<parameter name="upload_file_mapping">raw_spectra-00044.mzXML|quirosgu/HRMS_Celastraceae/CONVERTED/POS/211026_LQ-01-61-71_pos.mzXML</parameter>
<parameter name="upload_file_mapping">raw_spectra-00045.mzXML|quirosgu/HRMS_Celastraceae/CONVERTED/POS/211026_LQ-01-61-07_pos.mzXML</parameter>
<parameter name="upload_file_mapping">raw_spectra-00046.mzXML|quirosgu/HRMS_Celastraceae/CONVERTED/POS/211026_LQ-01-61-59_pos.mzXML</parameter>
<parameter name="upload_file_mapping">raw_spectra-00047.mzXML|quirosgu/HRMS_Celastraceae/CONVERTED/POS/211026_LQ-01-61-70_pos.mzXML</parameter>
<parameter name="upload_file_mapping">raw_spectra-00048.mzXML|quirosgu/HRMS_Celastraceae/CONVERTED/POS/211026_LQ-01-61-58_pos.mzXML</parameter>
<parameter name="upload_file_mapping">raw_spectra-00049.mzXML|quirosgu/HRMS_Celastraceae/CONVERTED/POS/211026_LQ-01-61-06_pos.mzXML</parameter>
<parameter name="upload_file_mapping">raw_spectra-00050.mzXML|quirosgu/HRMS_Celastraceae/CONVERTED/POS/211026_LQ-01-61-01_pos.mzXML</parameter>
<parameter name="upload_file_mapping">raw_spectra-00051.mzXML|quirosgu/HRMS_Celastraceae/CONVERTED/POS/211026_LQ-01-61-29_pos.mzXML</parameter>
<parameter name="upload_file_mapping">raw_spectra-00052.mzXML|quirosgu/HRMS_Celastraceae/CONVERTED/POS/211026_LQ-01-61-77_pos.mzXML</parameter>
<parameter name="upload_file_mapping">raw_spectra-00053.mzXML|quirosgu/HRMS_Celastraceae/CONVERTED/POS/211026_LQ-01-61-76_pos.mzXML</parameter>
<parameter name="upload_file_mapping">raw_spectra-00054.mzXML|quirosgu/HRMS_Celastraceae/CONVERTED/POS/211026_LQ-01-61-28_pos.mzXML</parameter>
<parameter name="upload_file_mapping">raw_spectra-00055.mzXML|quirosgu/HRMS_Celastraceae/CONVERTED/POS/211026_LQ-01-61-03_pos.mzXML</parameter>
<parameter name="upload_file_mapping">raw_spectra-00056.mzXML|quirosgu/HRMS_Celastraceae/CONVERTED/POS/211026_LQ-01-61-75_pos.mzXML</parameter>
<parameter name="upload_file_mapping">raw_spectra-00057.mzXML|quirosgu/HRMS_Celastraceae/CONVERTED/POS/211026_LQ-01-61-02_pos.mzXML</parameter>
<parameter name="upload_file_mapping">raw_spectra-00058.mzXML|quirosgu/HRMS_Celastraceae/CONVERTED/POS/211026_LQ-01-61-74_pos.mzXML</parameter>
<parameter name="upload_file_mapping">raw_spectra-00059.mzXML|quirosgu/HRMS_Celastraceae/CONVERTED/POS/211026_LQ-01-61-52_pos.mzXML</parameter>
<parameter name="upload_file_mapping">raw_spectra-00060.mzXML|quirosgu/HRMS_Celastraceae/CONVERTED/POS/211026_LQ-01-61-24_pos.mzXML</parameter>
<parameter name="upload_file_mapping">raw_spectra-00061.mzXML|quirosgu/HRMS_Celastraceae/CONVERTED/POS/211026_LQ-01-61-53_pos.mzXML</parameter>
<parameter name="upload_file_mapping">raw_spectra-00062.mzXML|quirosgu/HRMS_Celastraceae/CONVERTED/POS/211026_LQ-01-61-25_pos.mzXML</parameter>
<parameter name="upload_file_mapping">raw_spectra-00063.mzXML|quirosgu/HRMS_Celastraceae/CONVERTED/POS/211026_LQ-01-61-50_pos.mzXML</parameter>
<parameter name="upload_file_mapping">raw_spectra-00064.mzXML|quirosgu/HRMS_Celastraceae/CONVERTED/POS/211026_LQ-01-61-78_pos.mzXML</parameter>
<parameter name="upload_file_mapping">raw_spectra-00065.mzXML|quirosgu/HRMS_Celastraceae/CONVERTED/POS/211026_LQ-01-61-26_pos.mzXML</parameter>
<parameter name="upload_file_mapping">raw_spectra-00066.mzXML|quirosgu/HRMS_Celastraceae/CONVERTED/POS/211026_LQ-01-61-51_pos.mzXML</parameter>
<parameter name="upload_file_mapping">raw_spectra-00067.mzXML|quirosgu/HRMS_Celastraceae/CONVERTED/POS/211026_LQ-01-61-27_pos.mzXML</parameter>
<parameter name="upload_file_mapping">raw_spectra-00068.mzXML|quirosgu/HRMS_Celastraceae/CONVERTED/POS/211026_LQ-01-61-20_pos.mzXML</parameter>
<parameter name="upload_file_mapping">raw_spectra-00069.mzXML|quirosgu/HRMS_Celastraceae/CONVERTED/POS/211026_LQ-01-61-56_pos.mzXML</parameter>
<parameter name="upload_file_mapping">raw_spectra-00070.mzXML|quirosgu/HRMS_Celastraceae/CONVERTED/POS/211026_LQ-01-61-08_pos.mzXML</parameter>
<parameter name="upload_file_mapping">raw_spectra-00071.mzXML|quirosgu/HRMS_Celastraceae/CONVERTED/POS/211026_LQ-01-61-21_pos.mzXML</parameter>
<parameter name="upload_file_mapping">raw_spectra-00072.mzXML|quirosgu/HRMS_Celastraceae/CONVERTED/POS/211026_LQ-01-61-09_pos.mzXML</parameter>
<parameter name="upload_file_mapping">raw_spectra-00073.mzXML|quirosgu/HRMS_Celastraceae/CONVERTED/POS/211026_LQ-01-61-57_pos.mzXML</parameter>
<parameter name="upload_file_mapping">raw_spectra-00074.mzXML|quirosgu/HRMS_Celastraceae/CONVERTED/POS/211026_LQ-01-61-22_pos.mzXML</parameter>
<parameter name="upload_file_mapping">raw_spectra-00075.mzXML|quirosgu/HRMS_Celastraceae/CONVERTED/POS/211026_LQ-01-61-54_pos.mzXML</parameter>
<parameter name="upload_file_mapping">raw_spectra-00076.mzXML|quirosgu/HRMS_Celastraceae/CONVERTED/POS/211026_LQ-01-61-23_pos.mzXML</parameter>
<parameter name="upload_file_mapping">raw_spectra-00077.mzXML|quirosgu/HRMS_Celastraceae/CONVERTED/POS/211026_LQ-01-61-55_pos.mzXML</parameter>
<parameter name="upload_file_mapping">metadata_table-00000.tsv|quirosgu/HRMS_Celastraceae/Metadata/Celastraceae_Set_metadata_pos .tsv</parameter>
<parameter name="upload_file_mapping">lib-00000.mgf|speclibs/CASMI/CASMI.mgf</parameter>
<parameter name="upload_file_mapping">lib-00001.mgf|speclibs/GNPS-SCIEX-LIBRARY/GNPS-SCIEX-LIBRARY.mgf</parameter>
<parameter name="upload_file_mapping">lib-00002.mgf|speclibs/MONA/MONA.mgf</parameter>
<parameter name="upload_file_mapping">lib-00003.mgf|speclibs/GNPS-NIH-CLINICALCOLLECTION2/GNPS-NIH-CLINICALCOLLECTION2.mgf</parameter>
<parameter name="upload_file_mapping">lib-00004.mgf|speclibs/GNPS-SELLECKCHEM-FDA-PART1/GNPS-SELLECKCHEM-FDA-PART1.mgf</parameter>
<parameter name="upload_file_mapping">lib-00005.mgf|speclibs/GNPS-COLLECTIONS-PESTICIDES-NEGATIVE/GNPS-COLLECTIONS-PESTICIDES-NEGATIVE.mgf</parameter>
<parameter name="upload_file_mapping">lib-00006.mgf|speclibs/LDB_POSITIVE/LDB_POSITIVE.mgf</parameter>
<parameter name="upload_file_mapping">lib-00007.mgf|speclibs/GNPS-NIH-NATURALPRODUCTSLIBRARY/GNPS-NIH-NATURALPRODUCTSLIBRARY.mgf</parameter>
<parameter name="upload_file_mapping">lib-00008.mgf|speclibs/GNPS-NIH-CLINICALCOLLECTION1/GNPS-NIH-CLINICALCOLLECTION1.mgf</parameter>
<parameter name="upload_file_mapping">lib-00009.mgf|speclibs/BERKELEY-LAB/BERKELEY-LAB.mgf</parameter>
<parameter name="upload_file_mapping">lib-00010.mgf|speclibs/MMV_POSITIVE/MMV_POSITIVE.mgf</parameter>
<parameter name="upload_file_mapping">lib-00011.mgf|speclibs/GNPS-NIH-NATURALPRODUCTSLIBRARY_ROUND2_NEGATIVE/GNPS-NIH-NATURALPRODUCTSLIBRARY_ROUND2_NEGATIVE.mgf</parameter>
<parameter name="upload_file_mapping">lib-00012.mgf|speclibs/GNPS-SELLECKCHEM-FDA-PART2/GNPS-SELLECKCHEM-FDA-PART2.mgf</parameter>
<parameter name="upload_file_mapping">lib-00013.mgf|speclibs/PNNL-LIPIDS/PNNL-LIPIDS-NEGATIVE.mgf</parameter>
<parameter name="upload_file_mapping">lib-00014.mgf|speclibs/PNNL-LIPIDS/PNNL-LIPIDS-POSITIVE.mgf</parameter>
<parameter name="upload_file_mapping">lib-00015.mgf|speclibs/GNPS-NIST14-MATCHES/GNPS-NIST14-MATCHES.mgf</parameter>
<parameter name="upload_file_mapping">lib-00016.mgf|speclibs/IQAMDB/IQAMDB.mgf</parameter>
<parameter name="upload_file_mapping">lib-00017.mgf|speclibs/GNPS-IOBA-NHC/GNPS-IOBA-NHC.mgf</parameter>
<parameter name="upload_file_mapping">lib-00018.mgf|speclibs/GNPS-NIH-SMALLMOLECULEPHARMACOLOGICALLYACTIVE/GNPS-NIH-SMALLMOLECULEPHARMACOLOGICALLYACTIVE.mgf</parameter>
<parameter name="upload_file_mapping">lib-00019.mgf|speclibs/BILELIB19/BILELIB19.mgf</parameter>
<parameter name="upload_file_mapping">lib-00020.mgf|speclibs/HCE-CELL-LYSATE-LIPIDS/HCE-CELL-LYSATE-LIPIDS.mgf</parameter>
<parameter name="upload_file_mapping">lib-00021.mgf|speclibs/GNPS-EMBL-MCF/GNPS-EMBL-MCF.mgf</parameter>
<parameter name="upload_file_mapping">lib-00022.mgf|speclibs/GNPS-PRESTWICKPHYTOCHEM/GNPS-PRESTWICKPHYTOCHEM.mgf</parameter>
<parameter name="upload_file_mapping">lib-00023.mgf|speclibs/MIADB/MIADB.mgf</parameter>
<parameter name="upload_file_mapping">lib-00024.mgf|speclibs/GNPS-COLLECTIONS-PESTICIDES-POSITIVE/GNPS-COLLECTIONS-PESTICIDES-POSITIVE.mgf</parameter>
<parameter name="upload_file_mapping">lib-00025.mgf|speclibs/GNPS-MSMLS/GNPS-MSMLS.mgf</parameter>
<parameter name="upload_file_mapping">lib-00026.mgf|speclibs/GNPS-FAULKNERLEGACY/GNPS-FAULKNERLEGACY.mgf</parameter>
<parameter name="upload_file_mapping">lib-00027.mgf|speclibs/MASSBANKEU/MASSBANKEU.mgf</parameter>
<parameter name="upload_file_mapping">lib-00028.mgf|speclibs/LDB_NEGATIVE/LDB_NEGATIVE.mgf</parameter>
<parameter name="upload_file_mapping">lib-00029.mgf|speclibs/HMDB/HMDB.mgf</parameter>
<parameter name="upload_file_mapping">lib-00030.mgf|speclibs/DEREPLICATOR_IDENTIFIED_LIBRARY/DEREPLICATOR_IDENTIFIED_LIBRARY.mgf</parameter>
<parameter name="upload_file_mapping">lib-00031.mgf|speclibs/PSU-MSMLS/PSU-MSMLS.mgf</parameter>
<parameter name="upload_file_mapping">lib-00032.mgf|speclibs/BMDMS-NP/BMDMS-NP.mgf</parameter>
<parameter name="upload_file_mapping">lib-00033.mgf|speclibs/RESPECT/RESPECT.mgf</parameter>
<parameter name="upload_file_mapping">lib-00034.mgf|speclibs/SUMNER/SUMNER.mgf</parameter>
<parameter name="upload_file_mapping">lib-00035.mgf|speclibs/GNPS-LIBRARY/GNPS-LIBRARY.mgf</parameter>
<parameter name="upload_file_mapping">lib-00036.mgf|speclibs/GNPS-COLLECTIONS-MISC/GNPS-COLLECTIONS-MISC.mgf</parameter>
<parameter name="upload_file_mapping">lib-00037.mgf|speclibs/MMV_NEGATIVE/MMV_NEGATIVE.mgf</parameter>
<parameter name="upload_file_mapping">lib-00038.mgf|speclibs/UM-NPDC/UM-NPDC.mgf</parameter>
<parameter name="upload_file_mapping">lib-00039.mgf|speclibs/MASSBANK/MASSBANK.mgf</parameter>
<parameter name="upload_file_mapping">lib-00040.mgf|speclibs/GNPS-NIH-NATURALPRODUCTSLIBRARY_ROUND2_POSITIVE/GNPS-NIH-NATURALPRODUCTSLIBRARY_ROUND2_POSITIVE.mgf</parameter>
<parameter name="user">quirosgu</parameter>
<parameter name="uuid">1E381630-E47A-0001-7043-1A2E7D6113DF</parameter>
<parameter name="workflow">FEATURE-BASED-MOLECULAR-NETWORKING</parameter>
<parameter name="workflow_version">release_28.2</parameter>
</parameters>
